<?xml version="1.0" encoding="utf-8"?>
<!--********** Copyright 2020 Roku Corp.  All Rights
Reserved. **********-->

<?xml-model href="https://devtools.web.roku.com/schema/RokuSceneGraph.xsd"?>
<component name="DetailsScreen" extends="Group" initialFocus="Buttons">
    <script type="text/brightscript" uri="DetailsScreen.brs" />
    <script type="text/brightscript" uri="pkg:/source/utils.brs" />
    <interface>
        <field id="content" type="node" onChange="OnContentChange" />
        <field id="backgroundUri" type="uri" onChange="OnBackgroundUriChange" />        <!-- Content fields -->
        <!-- @WriteOnly  -->
        <!-- Manually focus on desired item. This field must be set after setting the content field. -->
        <field id="jumpToItem" type="integer" onChange="OnJumpToItem" value="0" alwaysNotify="true" />
        <!-- tells what item is currently focused  -->
        <field id="itemFocused" type="integer" alwaysNotify="true" />
        <field id="buttonSelected" type="integer" alias="buttons.itemSelected" />
        <field id="buttons" type="node" alias="buttons.content" />
    </interface>
    <children>

        <Poster
            id="backgroundPoster"
            width="1280"
            height="720"
            loadWidth="1920"
            loadHeight="1080"
            loadDisplayMode="scaleToFill"
        />

        <!-- ' ROKU EXERCISE TASK -->
        <!-- add an overlay with some opacity to make the text better to read! -->
         <Rectangle
            id="overlay"
            width="1280"
            height="720"
            color="#7f7f7f"
            blendingEnabled="true"
            opacity="0.4"
         />



        <LayoutGroup
            translation="[1166, 154]"
            layoutDirection="horiz"
            horizAlignment="right"
            itemSpacings="[40]"
        >

            <LayoutGroup
                itemSpacings="[14, 10]"
                layoutDirection="vert">
                <Rectangle
                    width="201"
                    height="357"
                    color="0xFFFFFF00">
                    <Poster
                        id="poster"
                        width="201"
                        loadWidth="201"
                        height="357"
                        loadHeight="357"
                        loadDisplayMode="scaleToFit"
                    />
                </Rectangle>
                <Label
                    id="titleLabel"
                    maxLines="2"
                    width="201"
                    wrap="true"
                    horizAlign="right"
                />
                <Label
                    id="timeLabel"
                    width="201"
                    wrap="false"
                    horizAlign="right"
                />
            </LayoutGroup>
            <Group>
                <LabelList
                    id="buttons"
                    numRows="3"
                    itemSpacing="[0,10]"
                    itemSize="[593, 48]"
                />
                <LayoutGroup
                    itemSpacings="[40]"
                    translation="[0, 208]">
                    <Label
                        id="descriptionLabel"
                        wrap="true"
                        maxLines="6"
                        width="593"
                    />
                    <Label
                        id="releaseLabel"
                        wrap="false"
                        width="520"
                    />
                </LayoutGroup>
            </Group>
        </LayoutGroup>

    </children>
</component>