<?xml version="1.0" encoding="UTF-8"?>
<!--********** Copyright 2020 Roku Corp.  All Rights
Reserved. **********-->
<?xml-model href="https://devtools.web.roku.com/schema/RokuSceneGraph.xsd"?>
<component name="MainScene" extends="Scene">
    <interface>
        <field id="inputArgs" type="assocarray"/>
        <field id="launchArgs" type="assocarray" />

    </interface>
    <script type="text/brightscript" uri="MainScene.brs" />
    <script type="text/brightscript" uri="pkg:/source/utils.brs" />
    <script type="text/brightscript" uri="UILogic/ScreenStackLogic.brs" />
    <script type="text/brightscript" uri="UILogic/DetailsScreenLogic.brs" />
    <script type="text/brightscript" uri="UILogic/ContentTaskLogic.brs" />
    <script type="text/brightscript" uri="UILogic/GridScreenLogic.brs" />
    <script type="text/brightscript" uri="UILogic/EpisodesScreenLogic.brs" />



    <children>
        <LayoutGroup id="navbar"
            layoutDirection="horizontal"
            vertAlignment="center"
            itemComponentName="NavBarItem"
            itemSpacings="20"
            translation="[400,60]">

        </LayoutGroup>

        <!-- LoadingIndicator should be visible only in case of waiting for content -->
        <Label
            id="loadingIndicator"
            text="Loading..."
            width="1280"
            height="720"
            translation="[0, 0]"
            horizAlign="center"
            vertAlign="center"
            visible="false"
            font="font:MediumBoldSystemFont"
        />


    </children>
</component>