<?xml version="1.0" encoding="UTF-8" ?>
<component name="RowListItemComponent" extends="Group" xsi:noNamespaceSchemaLocation="https://devtools.web.roku.com/schema/RokuSceneGraph.xsd">
    <interface>
        <field id="itemContent" type="node" onChange="OnContentSet" />
    </interface>
    <script type="text/brightscript" uri="RowListItemComponent.brs" />
    <script type="text/brightscript" uri="pkg:/source/bslib.brs" />
    <children>
        <Poster id="poster" loadDisplayMode="scaleToFit" width="160" height="250" loadWidth="200" loadHeight="250" />
    </children>
</component>
